Year,Burundi,Djibouti,Eritrea,Ethiopia,Kenya,Rwanda,Seychelles,Somalia,South Sudan,Sudan,Tanzania,Uganda,Cameroon,Central African Republic,Chad,"Congo, Republic of the (Brazzaville)","Congo, Dem. Rep. of the (Kinshasa)",Equatorial Guinea,Gabon,São Tomé & Príncipe,Angola,Botswana,Comoros,Eswatini,Lesotho,Madagascar,Malawi,Mauritius,Mozambique,Namibia,Reunion,South Africa,Zambia,Zimbabwe,Benin,Burkina Faso,Cabo Verde,Côte d’Ivoire,"Gambia, The",Ghana,Guinea,Guinea-Bissau,Liberia,Mali,Mauritania,Niger,Nigeria,Saint Helena,Senegal,Sierra Leone,Togo,China,Hong Kong,Japan,Macau,Mongolia,North Korea,South Korea,Taiwan,Afghanistan,Bangladesh,Bhutan,India,Kazakhstan,Kyrgyzstan,Maldives,Nepal,Pakistan,Sri Lanka,Tajikistan,Turkmenistan,Uzbekistan,Brunei,Burma,Cambodia,Indonesia,Laos,Malaysia,Philippines,Singapore,Thailand,Timor-Leste,Vietnam,Albania,Andorra,Armenia,Austria,Azerbaijan,Belarus,Belgium,Bosnia and Herzegovina,Bulgaria,Croatia,Cyprus,Czech Republic,"Czechoslovakia, Former",Denmark,Estonia,Finland,France,Georgia,Germany,Gibraltar,Greece,Holy See,Hungary,Iceland,Ireland,Italy,Kosovo,Latvia,Liechtenstein,Lithuania,Luxembourg,North Macedonia,Malta,Moldova,Monaco,Montenegro,Netherlands,Norway,Poland,Portugal,Romania,Russia,San Marino,Serbia,Serbia & Montenegro,Slovakia,Slovenia,Spain,Sweden,Switzerland,Turkey,"U.S.S.R., Former",Ukraine,United Kingdom,"Yugoslavia, Former",Anguilla,Antigua and Barbuda,Aruba,Bahamas,Barbados,Bermuda,British Virgin Islands,Cayman Islands,Cuba,Curacao,Dominica,Dominican Republic,Grenada,Guadeloupe,Haiti,Jamaica,Martinique,Montserrat,Netherlands Antilles,St. Kitts and Nevis,St. Lucia,St. Vincent and the Grenadines,Sint Maarten,Trinidad and Tobago,Turks and Caicos,Belize,Costa Rica,El Salvador,Guatemala,Honduras,Mexico,Nicaragua,Panama,Argentina,Bolivia,Brazil,Chile,Colombia,Ecuador,Falkland Islands/Islas Malvinas,French Guiana,Guyana,Paraguay,Peru,Suriname,Uruguay,Venezuela,Bahrain,Iran,Iraq,Israel,Jordan,Kuwait,Lebanon,Oman,Palestinian Territories,Qatar,Saudi Arabia,Syria,United Arab Emirates,Yemen,Algeria,Egypt,Libya,Morocco,Tunisia,Western Sahara,Canada,Australia,Cook Islands,Fiji,French Polynesia,Kiribati,"Marshall Islands, Republic of the","Micronesia, Federate States of ",Nauru,New Caledonia,New Zealand,Niue,Norfolk Island,Palau,Papua New Guinea,Samoa,Solomon Islands,Tonga,Tuvalu,Vanuatu,Wallis and Futuna
1949/50,0.00,0.00,0.00,37.00,0.00,0.00,0.00,0.00,0.00,0.00,0.00,0.00,0.00,0.00,0.00,0.00,0.00,0.00,0.00,0.00,0.00,0.00,0.00,0.00,0.00,0.00,0.00,0.00,0.00,0.00,0.00,118.00,0.00,2.00,0.00,0.00,0.00,0.00,0.00,61.00,0.00,0.00,81.00,0.00,0.00,0.00,176.00,0.00,0.00,42.00,0.00,0.00,0.00,265.00,0.00,0.00,0.00,258.00,3637.00,48.00,0.00,0.00,1359.00,0.00,0.00,0.00,0.00,102.00,13.00,0.00,0.00,0.00,0.00,84.00,0.00,36.00,0.00,116.00,701.00,0.00,187.00,0.00,0.00,3.00,0.00,0.00,145.00,0.00,0.00,136.00,0.00,16.00,0.00,53.00,0.00,185.00,128.00,35.00,112.00,506.00,0.00,671.00,0.00,461.00,0.00,139.00,53.00,56.00,259.00,0.00,44.00,0.00,46.00,3.00,0.00,0.00,0.00,0.00,0.00,314.00,515.00,261.00,75.00,45.00,0.00,0.00,0.00,0.00,0.00,0.00,132.00,158.00,173.00,483.00,30.00,0.00,829.00,39.00,0.00,0.00,0.00,0.00,0.00,0.00,0.00,0.00,749.00,0.00,0.00,68.00,0.00,0.00,81.00,290.00,14.00,0.00,50.00,0.00,0.00,0.00,0.00,189.00,0.00,0.00,202.00,105.00,221.00,103.00,825.00,127.00,377.00,183.00,148.00,423.00,148.00,582.00,105.00,0.00,0.00,134.00,14.00,252.00,0.00,35.00,446.00,0.00,570.00,499.00,251.00,17.00,0.00,113.00,0.00,160.00,0.00,18.00,96.00,0.00,0.00,8.00,349.00,0.00,7.00,0.00,0.00,4362.00,149.00,0.00,2.00,0.00,0.00,0.00,0.00,0.00,0.00,47.00,0.00,0.00,0.00,0.00,0.00,0.00,0.00,0.00,0.00,0.00
1954/55,0.00,0.00,0.00,62.00,19.00,0.00,0.00,2.00,0.00,7.00,5.00,4.00,1.00,0.00,0.00,0.00,5.00,0.00,0.00,0.00,0.00,0.00,0.00,0.00,0.00,0.00,0.00,9.00,2.00,3.00,0.00,157.00,1.00,14.00,0.00,0.00,0.00,0.00,0.00,84.00,0.00,0.00,188.00,0.00,0.00,0.00,268.00,0.00,27.00,0.00,1.00,0.00,0.00,1673.00,0.00,0.00,0.00,1197.00,2553.00,82.00,0.00,0.00,1673.00,0.00,0.00,0.00,4.00,255.00,34.00,0.00,0.00,0.00,0.00,188.00,2.00,153.00,2.00,196.00,1476.00,0.00,586.00,0.00,101.00,2.00,0.00,0.00,149.00,0.00,0.00,99.00,0.00,2.00,0.00,47.00,0.00,8.00,150.00,12.00,130.00,472.00,0.00,762.00,0.00,881.00,0.00,11.00,49.00,59.00,312.00,0.00,9.00,2.00,0.00,11.00,0.00,5.00,0.00,0.00,0.00,375.00,328.00,19.00,55.00,2.00,0.00,0.00,0.00,0.00,0.00,0.00,204.00,162.00,175.00,396.00,9.00,0.00,710.00,41.00,0.00,0.00,0.00,55.00,15.00,59.00,0.00,0.00,717.00,0.00,0.00,74.00,0.00,0.00,110.00,528.00,0.00,0.00,53.00,0.00,0.00,0.00,0.00,126.00,0.00,24.00,159.00,266.00,250.00,187.00,1247.00,215.00,449.00,228.00,157.00,507.00,171.00,1301.00,166.00,0.00,0.00,142.00,34.00,276.00,12.00,35.00,882.00,1.00,997.00,650.00,790.00,607.00,0.00,261.00,0.00,0.00,0.00,40.00,280.00,0.00,10.00,1.00,351.00,4.00,15.00,1.00,0.00,4655.00,238.00,0.00,11.00,3.00,0.00,0.00,0.00,0.00,1.00,63.00,0.00,0.00,0.00,0.00,5.00,0.00,1.00,0.00,0.00,0.00
1959/60,0.00,0.00,0.00,170.00,156.00,0.00,0.00,11.00,0.00,53.00,38.00,29.00,9.00,0.00,0.00,0.00,2.00,0.00,0.00,0.00,1.00,0.00,0.00,0.00,3.00,1.00,2.00,10.00,2.00,14.00,0.00,181.00,9.00,16.00,0.00,0.00,0.00,0.00,0.00,167.00,0.00,0.00,170.00,0.00,0.00,0.00,258.00,0.00,0.00,39.00,1.00,0.00,0.00,2248.00,0.00,0.00,0.00,2474.00,4546.00,99.00,0.00,0.00,3780.00,0.00,0.00,0.00,34.00,534.00,73.00,0.00,0.00,0.00,0.00,227.00,36.00,531.00,9.00,247.00,1722.00,0.00,1006.00,0.00,242.00,1.00,0.00,0.00,102.00,0.00,0.00,117.00,0.00,1.00,0.00,63.00,0.00,7.00,121.00,2.00,118.00,572.00,0.00,720.00,0.00,1095.00,0.00,53.00,55.00,109.00,443.00,0.00,3.00,2.00,4.00,8.00,0.00,11.00,0.00,1.00,0.00,395.00,430.00,78.00,129.00,3.00,0.00,1.00,0.00,0.00,0.00,0.00,288.00,219.00,171.00,835.00,30.00,0.00,993.00,110.00,0.00,0.00,0.00,84.00,60.00,82.00,15.00,0.00,935.00,0.00,0.00,86.00,0.00,0.00,113.00,902.00,2.00,0.00,40.00,0.00,0.00,0.00,0.00,255.00,0.00,33.00,201.00,217.00,242.00,151.00,1356.00,190.00,544.00,293.00,155.00,473.00,251.00,687.00,210.00,0.00,1.00,201.00,52.00,418.00,6.00,39.00,1126.00,3.00,2507.00,675.00,807.00,556.00,49.00,590.00,2.00,0.00,0.00,93.00,283.00,0.00,14.00,7.00,490.00,27.00,59.00,30.00,0.00,5679.00,367.00,1.00,21.00,6.00,0.00,0.00,0.00,0.00,0.00,119.00,0.00,0.00,0.00,0.00,9.00,0.00,7.00,0.00,0.00,0.00
1964/65,6.00,0.00,0.00,266.00,774.00,2.00,2.00,102.00,0.00,180.00,305.00,223.00,94.00,0.00,2.00,15.00,94.00,1.00,3.00,0.00,26.00,3.00,0.00,7.00,12.00,22.00,83.00,9.00,19.00,6.00,0.00,390.00,83.00,203.00,8.00,4.00,0.00,17.00,13.00,282.00,99.00,0.00,315.00,8.00,0.00,2.00,1382.00,0.00,0.00,149.00,39.00,5.00,3279.00,3534.00,20.00,0.00,0.00,2604.00,4620.00,159.00,0.00,1.00,6814.00,0.00,0.00,0.00,84.00,1081.00,96.00,0.00,0.00,0.00,4.00,130.00,209.00,766.00,36.00,536.00,2473.00,0.00,1630.00,0.00,399.00,0.00,0.00,0.00,162.00,0.00,0.00,231.00,0.00,11.00,0.00,145.00,0.00,21.00,174.00,6.00,185.00,833.00,0.00,1504.00,0.00,1543.00,0.00,82.00,53.00,238.00,646.00,0.00,19.00,0.00,7.00,7.00,0.00,9.00,0.00,1.00,0.00,465.00,418.00,159.00,140.00,28.00,0.00,1.00,0.00,0.00,0.00,0.00,422.00,280.00,275.00,1070.00,35.00,0.00,1959.00,194.00,0.00,0.00,0.00,112.00,106.00,85.00,35.00,0.00,1565.00,0.00,0.00,214.00,0.00,3.00,190.00,1183.00,9.00,0.00,77.00,0.00,0.00,0.00,0.00,594.00,0.00,58.00,266.00,220.00,226.00,193.00,1370.00,255.00,640.00,662.00,289.00,691.00,462.00,1196.00,390.00,0.00,0.00,378.00,62.00,766.00,18.00,85.00,1173.00,5.00,3719.00,919.00,1539.00,654.00,214.00,700.00,0.00,0.00,4.00,552.00,434.00,1.00,21.00,83.00,1279.00,74.00,85.00,75.00,0.00,9253.00,678.00,0.00,64.00,24.00,0.00,0.00,0.00,0.00,0.00,226.00,0.00,0.00,0.00,0.00,38.00,0.00,90.00,0.00,0.00,0.00
1969/70,6.00,0.00,0.00,540.00,492.00,1.00,5.00,80.00,0.00,135.00,215.00,257.00,125.00,5.00,10.00,30.00,91.00,0.00,3.00,0.00,21.00,22.00,0.00,25.00,13.00,7.00,65.00,18.00,33.00,18.00,0.00,457.00,47.00,193.00,4.00,7.00,0.00,30.00,44.00,539.00,21.00,0.00,337.00,7.00,1.00,7.00,1851.00,1.00,32.00,241.00,11.00,19.00,7202.00,4311.00,35.00,0.00,0.00,3991.00,8566.00,268.00,0.00,1.00,11329.00,0.00,0.00,0.00,109.00,1576.00,159.00,0.00,0.00,0.00,5.00,85.00,17.00,683.00,58.00,663.00,2782.00,343.00,4372.00,1.00,993.00,6.00,0.00,0.00,317.00,0.00,0.00,428.00,0.00,37.00,0.00,195.00,0.00,357.00,281.00,9.00,275.00,1977.00,0.00,2634.00,3.00,1811.00,0.00,145.00,73.00,516.00,1174.00,0.00,27.00,2.00,19.00,11.00,0.00,17.00,0.00,3.00,0.00,906.00,668.00,397.00,172.00,110.00,0.00,2.00,0.00,0.00,0.00,0.00,533.00,471.00,509.00,1309.00,51.00,0.00,4216.00,366.00,0.00,0.00,0.00,258.00,123.00,97.00,0.00,16.00,4487.00,0.00,0.00,802.00,0.00,12.00,563.00,1353.00,9.00,0.00,110.00,0.00,0.00,0.00,0.00,780.00,0.00,120.00,423.00,356.00,337.00,326.00,2501.00,453.00,868.00,1079.00,461.00,1349.00,906.00,2045.00,648.00,0.00,7.00,863.00,89.00,1307.00,11.00,148.00,1722.00,6.00,5175.00,512.00,2288.00,909.00,319.00,1020.00,0.00,0.00,17.00,1029.00,469.00,2.00,26.00,45.00,1015.00,286.00,83.00,114.00,0.00,13318.00,1077.00,1.00,66.00,48.00,0.00,0.00,0.00,0.00,0.00,385.00,0.00,0.00,0.00,4.00,76.00,0.00,93.00,0.00,0.00,0.00
1974/75,5.00,1.00,0.00,2050.00,870.00,4.00,2.00,39.00,0.00,350.00,350.00,240.00,250.00,16.00,2.00,6.00,110.00,1.00,1.00,0.00,10.00,18.00,0.00,32.00,19.00,9.00,58.00,21.00,12.00,7.00,1.00,510.00,80.00,260.00,6.00,3.00,1.00,190.00,100.00,1350.00,10.00,2.00,700.00,11.00,1.00,4.00,7210.00,0.00,21.00,930.00,13.00,22.00,11060.00,5930.00,49.00,1.00,5.00,3390.00,10250.00,290.00,480.00,3.00,9660.00,0.00,0.00,0.00,58.00,3140.00,230.00,0.00,0.00,0.00,8.00,51.00,120.00,1080.00,160.00,1580.00,2130.00,390.00,6250.00,2.00,2060.00,10.00,0.00,0.00,180.00,0.00,0.00,350.00,0.00,10.00,0.00,210.00,0.00,90.00,220.00,0.00,260.00,1610.00,0.00,1610.00,2.00,1880.00,1.00,47.00,100.00,370.00,720.00,0.00,0.00,0.00,0.00,15.00,0.00,9.00,0.00,2.00,0.00,620.00,490.00,260.00,220.00,110.00,0.00,0.00,0.00,0.00,0.00,0.00,580.00,420.00,440.00,1410.00,35.00,0.00,2770.00,310.00,0.00,49.00,0.00,690.00,170.00,200.00,23.00,3.00,1110.00,0.00,11.00,570.00,80.00,1.00,530.00,1790.00,4.00,4.00,100.00,32.00,10.00,24.00,0.00,1010.00,1.00,90.00,380.00,490.00,350.00,400.00,4000.00,670.00,882.00,560.00,510.00,1970.00,950.00,2380.00,690.00,0.00,2.00,900.00,90.00,1580.00,11.00,140.00,2680.00,18.00,13780.00,420.00,2390.00,1010.00,960.00,1580.00,11.00,0.00,120.00,1540.00,410.00,25.00,18.00,240.00,980.00,980.00,80.00,80.00,0.00,8430.00,950.00,2.00,36.00,24.00,0.00,0.00,0.00,0.00,0.00,310.00,1.00,0.00,0.00,3.00,21.00,0.00,40.00,0.00,0.00,0.00
1979/80,12.00,2.00,0.00,1340.00,1850.00,6.00,5.00,220.00,0.00,680.00,480.00,430.00,770.00,9.00,23.00,9.00,210.00,3.00,14.00,0.00,30.00,79.00,1.00,53.00,61.00,30.00,75.00,40.00,11.00,41.00,0.00,1170.00,270.00,740.00,5.00,22.00,34.00,310.00,180.00,1810.00,16.00,18.00,980.00,62.00,5.00,15.00,16360.00,0.00,61.00,740.00,19.00,1000.00,9900.00,12260.00,48.00,0.00,11.00,4890.00,17560.00,270.00,980.00,6.00,8760.00,0.00,0.00,1.00,180.00,2660.00,490.00,0.00,0.00,0.00,9.00,67.00,290.00,2440.00,410.00,3660.00,2890.00,1010.00,6500.00,4.00,5050.00,3.00,0.00,0.00,250.00,0.00,0.00,540.00,0.00,12.00,0.00,420.00,0.00,44.00,400.00,0.00,410.00,2250.00,0.00,3000.00,1.00,3000.00,1.00,42.00,240.00,490.00,1100.00,0.00,0.00,2.00,0.00,33.00,0.00,12.00,0.00,3.00,0.00,1100.00,930.00,390.00,400.00,74.00,0.00,0.00,0.00,0.00,0.00,0.00,830.00,850.00,860.00,2210.00,600.00,0.00,4280.00,350.00,0.00,93.00,0.00,1330.00,260.00,440.00,47.00,21.00,1130.00,0.00,23.00,640.00,84.00,3.00,540.00,2150.00,12.00,3.00,340.00,83.00,20.00,23.00,0.00,1030.00,2.00,107.00,670.00,1020.00,500.00,810.00,5650.00,1170.00,1200.00,910.00,870.00,2910.00,1190.00,3200.00,1000.00,0.00,8.00,850.00,80.00,1740.00,62.00,190.00,9860.00,260.00,51310.00,1220.00,2730.00,4720.00,2670.00,6040.00,170.00,0.00,630.00,9540.00,840.00,740.00,190.00,1560.00,1650.00,3030.00,220.00,68.00,0.00,15130.00,1560.00,0.00,57.00,32.00,0.00,0.00,0.00,0.00,1.00,410.00,0.00,0.00,0.00,9.00,0.00,1.00,37.00,0.00,0.00,0.00
1984/85,32.00,16.00,0.00,2120.00,1890.00,26.00,8.00,710.00,0.00,690.00,560.00,430.00,970.00,15.00,30.00,6.00,230.00,7.00,42.00,9.00,15.00,220.00,1.00,109.00,79.00,44.00,112.00,97.00,8.00,86.00,0.00,1610.00,450.00,510.00,19.00,37.00,52.00,300.00,190.00,1370.00,54.00,21.00,1060.00,81.00,23.00,38.00,18370.00,0.00,180.00,530.00,45.00,10100.00,10130.00,13160.00,102.00,0.00,71.00,16430.00,22590.00,138.00,2010.00,8.00,14620.00,0.00,0.00,8.00,320.00,4750.00,1480.00,0.00,0.00,0.00,36.00,190.00,270.00,7190.00,460.00,21720.00,3660.00,3750.00,7220.00,0.00,3220.00,1.00,2.00,0.00,370.00,0.00,0.00,740.00,0.00,14.00,0.00,2200.00,0.00,59.00,450.00,0.00,550.00,3390.00,0.00,4190.00,2.00,4870.00,1.00,90.00,550.00,910.00,1750.00,0.00,0.00,1.00,0.00,30.00,0.00,30.00,0.00,6.00,0.00,1500.00,1800.00,650.00,650.00,74.00,0.00,2.00,0.00,0.00,0.00,0.00,1520.00,1360.00,950.00,2640.00,230.00,0.00,6030.00,490.00,2.00,126.00,0.00,1520.00,350.00,590.00,56.00,37.00,1500.00,0.00,30.00,690.00,91.00,3.00,1400.00,2200.00,9.00,5.00,540.00,39.00,37.00,37.00,0.00,2070.00,14.00,135.00,660.00,1250.00,740.00,1280.00,5750.00,1150.00,1570.00,1240.00,1040.00,2790.00,1190.00,4060.00,1120.00,0.00,2.00,630.00,133.00,2070.00,172.00,220.00,10290.00,430.00,16640.00,1550.00,2480.00,6750.00,3980.00,6940.00,400.00,0.00,810.00,7760.00,2180.00,1270.00,544.00,780.00,2410.00,1200.00,770.00,640.00,0.00,15370.00,1560.00,6.00,104.00,29.00,1.00,0.00,0.00,2.00,0.00,540.00,0.00,0.00,0.00,18.00,126.00,6.00,110.00,0.00,2.00,0.00
1989/90,54.00,19.00,0.00,2020.00,2200.00,89.00,21.00,420.00,0.00,540.00,560.00,470.00,1240.00,22.00,15.00,39.00,380.00,16.00,22.00,16.00,34.00,230.00,14.00,157.00,115.00,70.00,300.00,152.00,27.00,152.00,1.00,2050.00,380.00,480.00,27.00,39.00,107.00,350.00,220.00,1030.00,45.00,11.00,610.00,117.00,43.00,49.00,4480.00,0.00,240.00,400.00,99.00,33390.00,11230.00,29840.00,140.00,2.00,31.00,21710.00,30960.00,220.00,2470.00,29.00,26240.00,0.00,0.00,3.00,610.00,7070.00,2210.00,0.00,0.00,0.00,15.00,340.00,145.00,9390.00,460.00,14110.00,4540.00,4440.00,6630.00,0.00,1850.00,1.00,6.00,0.00,580.00,0.00,0.00,920.00,0.00,75.00,0.00,1750.00,0.00,87.00,820.00,0.00,740.00,5340.00,0.00,6750.00,0.00,4430.00,1.00,440.00,820.00,1380.00,2370.00,0.00,0.00,3.00,0.00,41.00,0.00,45.00,0.00,9.00,0.00,1840.00,2160.00,1010.00,690.00,120.00,0.00,4.00,0.00,0.00,0.00,0.00,3640.00,1740.00,1240.00,3400.00,510.00,0.00,7100.00,1070.00,25.00,240.00,27.00,1640.00,450.00,720.00,106.00,69.00,980.00,0.00,82.00,960.00,174.00,10.00,1490.00,2850.00,14.00,20.00,730.00,134.00,83.00,68.00,0.00,2160.00,24.00,360.00,1060.00,1370.00,1030.00,1470.00,6540.00,2450.00,2260.00,1810.00,1060.00,3730.00,1100.00,3320.00,1170.00,0.00,3.00,510.00,230.00,2750.00,230.00,280.00,2740.00,310.00,7440.00,770.00,2910.00,5250.00,2280.00,4450.00,620.00,0.00,480.00,4110.00,1500.00,1450.00,610.00,480.00,1700.00,210.00,1140.00,660.00,0.00,17870.00,1740.00,2.00,158.00,95.00,25.00,10.00,0.00,0.00,7.00,610.00,1.00,0.00,71.00,16.00,128.00,1.00,116.00,1.00,1.00,0.00
1994/95,68.00,18.00,17.00,1325.00,2603.00,72.00,18.00,91.00,0.00,440.00,704.00,559.00,758.00,22.00,25.00,22.00,370.00,16.00,67.00,11.00,136.00,417.00,7.00,150.00,62.00,77.00,239.00,222.00,78.00,124.00,0.00,1919.00,354.00,687.00,72.00,36.00,65.00,406.00,403.00,1156.00,105.00,25.00,388.00,187.00,24.00,56.00,2147.00,0.00,451.00,296.00,118.00,39403.00,12935.00,45276.00,385.00,45.00,114.00,33599.00,36407.00,111.00,3371.00,21.00,33537.00,267.00,36.00,7.00,1264.00,6989.00,2097.00,17.00,10.00,109.00,21.00,455.00,82.00,11872.00,88.00,13617.00,3472.00,4473.00,10889.00,0.00,794.00,133.00,9.00,104.00,887.00,80.00,88.00,900.00,152.00,1396.00,478.00,1962.00,654.00,55.00,1022.00,226.00,924.00,5843.00,142.00,8592.00,0.00,3699.00,0.00,885.00,568.00,909.00,2704.00,0.00,194.00,16.00,193.00,65.00,0.00,63.00,54.00,18.00,0.00,1847.00,2123.00,1593.00,739.00,1133.00,4832.00,3.00,0.00,0.00,166.00,121.00,5126.00,3432.00,1630.00,6716.00,594.00,792.00,7786.00,1841.00,16.00,254.00,41.00,1858.00,621.00,647.00,68.00,132.00,86.00,0.00,170.00,976.00,214.00,10.00,795.00,2878.00,7.00,22.00,500.00,134.00,149.00,118.00,0.00,2037.00,19.00,334.00,866.00,760.00,785.00,1148.00,9003.00,615.00,1409.00,1996.00,757.00,5017.00,907.00,3208.00,1471.00,3.00,6.00,467.00,251.00,2382.00,153.00,319.00,4092.00,343.00,2896.00,255.00,2692.00,2431.00,2844.00,1835.00,585.00,0.00,427.00,4075.00,678.00,2071.00,426.00,251.00,1577.00,57.00,912.00,283.00,0.00,22747.00,2247.00,18.00,147.00,92.00,35.00,10.00,574.00,1.00,3.00,798.00,7.00,0.00,94.00,22.00,123.00,10.00,131.00,6.00,9.00,0.00
1999/00,40.00,7.00,105.00,1286.00,5684.00,131.00,15.00,91.00,0.00,354.00,1091.00,693.00,903.00,20.00,42.00,12.00,489.00,22.00,74.00,16.00,198.00,1053.00,22.00,71.00,63.00,114.00,308.00,209.00,82.00,99.00,3.00,1962.00,494.00,1184.00,130.00,74.00,44.00,563.00,263.00,2127.00,235.00,29.00,426.00,207.00,62.00,73.00,3602.00,0.00,707.00,452.00,176.00,54466.00,7545.00,46872.00,297.00,325.00,201.00,41191.00,29234.00,110.00,3845.00,57.00,42337.00,542.00,126.00,18.00,2411.00,6107.00,1968.00,71.00,65.00,493.00,26.00,527.00,152.00,11300.00,131.00,9074.00,3143.00,4250.00,10983.00,0.00,2266.00,855.00,13.00,342.00,1041.00,166.00,283.00,904.00,447.00,2847.00,812.00,2071.00,941.00,38.00,1066.00,249.00,905.00,6877.00,347.00,9800.00,0.00,2782.00,3.00,1166.00,538.00,1166.00,3286.00,0.00,309.00,11.00,405.00,69.00,258.00,65.00,159.00,17.00,0.00,1751.00,2329.00,2194.00,918.00,2716.00,7025.00,3.00,0.00,0.00,498.00,224.00,4337.00,4994.00,1893.00,10100.00,135.00,1673.00,7990.00,1631.00,63.00,287.00,82.00,1902.00,701.00,584.00,83.00,249.00,139.00,0.00,256.00,922.00,292.00,7.00,1145.00,3762.00,7.00,18.00,390.00,196.00,231.00,209.00,0.00,2762.00,30.00,464.00,821.00,1079.00,1044.00,859.00,10607.00,591.00,1389.00,2978.00,876.00,8600.00,1429.00,6277.00,1939.00,5.00,8.00,496.00,304.00,2785.00,111.00,397.00,5125.00,542.00,1885.00,112.00,3238.00,2074.00,3298.00,1582.00,661.00,209.00,416.00,5156.00,641.00,2539.00,372.00,214.00,1964.00,38.00,1607.00,344.00,0.00,23544.00,2617.00,9.00,214.00,94.00,46.00,30.00,226.00,4.00,12.00,956.00,5.00,0.00,58.00,38.00,189.00,5.00,164.00,4.00,3.00,0.00
2000/01,55.00,8.00,134.00,1205.00,6229.00,261.00,13.00,96.00,0.00,366.00,1528.00,754.00,870.00,18.00,51.00,0.00,411.00,44.00,98.00,13.00,348.00,941.00,38.00,104.00,35.00,115.00,428.00,246.00,86.00,117.00,2.00,2106.00,613.00,1703.00,145.00,112.00,59.00,637.00,386.00,2469.00,237.00,16.00,451.00,439.00,73.00,87.00,3820.00,1.00,732.00,336.00,330.00,59939.00,7627.00,46497.00,372.00,442.00,127.00,45685.00,28566.00,75.00,4114.00,62.00,54664.00,540.00,160.00,13.00,2618.00,6948.00,1964.00,118.00,65.00,418.00,25.00,673.00,187.00,11625.00,96.00,7795.00,3139.00,4166.00,11187.00,0.00,2022.00,1118.00,5.00,366.00,1062.00,253.00,311.00,881.00,477.00,3270.00,782.00,2217.00,1112.00,39.00,1007.00,287.00,893.00,7273.00,329.00,10128.00,4.00,2768.00,5.00,1174.00,558.00,1086.00,3490.00,0.00,383.00,13.00,493.00,73.00,281.00,61.00,183.00,18.00,0.00,1856.00,2098.00,2432.00,884.00,2976.00,6858.00,4.00,0.00,0.00,539.00,207.00,4156.00,4598.00,1850.00,10983.00,105.00,1909.00,8139.00,1790.00,65.00,271.00,85.00,1762.00,647.00,609.00,84.00,243.00,517.00,0.00,258.00,869.00,281.00,10.00,1012.00,4225.00,8.00,10.00,352.00,271.00,267.00,139.00,0.00,2901.00,48.00,489.00,928.00,825.00,1050.00,974.00,10670.00,611.00,1217.00,3172.00,897.00,8846.00,1553.00,6765.00,2028.00,4.00,5.00,409.00,371.00,2660.00,121.00,397.00,5217.00,562.00,1844.00,155.00,3402.00,2187.00,3045.00,2005.00,702.00,237.00,463.00,5273.00,713.00,2659.00,411.00,220.00,2255.00,39.00,1917.00,385.00,2.00,25279.00,2645.00,4.00,250.00,71.00,42.00,37.00,188.00,4.00,7.00,971.00,5.00,1.00,48.00,30.00,118.00,7.00,188.00,2.00,5.00,0.00
2001/02,75.00,8.00,161.00,1133.00,7097.00,263.00,20.00,87.00,0.00,378.00,1814.00,805.00,967.00,12.00,60.00,8.00,422.00,35.00,101.00,7.00,360.00,1004.00,44.00,88.00,39.00,124.00,475.00,251.00,106.00,80.00,20.00,2232.00,819.00,2029.00,153.00,135.00,57.00,707.00,401.00,2672.00,220.00,21.00,471.00,311.00,79.00,139.00,4499.00,1.00,809.00,320.00,382.00,63211.00,7757.00,46810.00,371.00,574.00,113.00,49046.00,28930.00,92.00,3935.00,78.00,66836.00,617.00,230.00,16.00,3019.00,8644.00,2069.00,143.00,71.00,381.00,27.00,875.00,247.00,11614.00,133.00,7395.00,3295.00,4141.00,11606.00,4.00,2531.00,1129.00,8.00,439.00,1079.00,277.00,411.00,884.00,511.00,3584.00,802.00,2027.00,1152.00,11.00,922.00,293.00,819.00,7401.00,345.00,9613.00,1.00,2599.00,1.00,1242.00,891.00,1053.00,3333.00,0.00,434.00,12.00,628.00,61.00,337.00,51.00,269.00,15.00,0.00,1791.00,2323.00,2606.00,946.00,3325.00,6643.00,2.00,0.00,0.00,627.00,225.00,4048.00,4041.00,1680.00,12091.00,79.00,2195.00,8414.00,2027.00,46.00,239.00,64.00,1973.00,580.00,525.00,97.00,211.00,163.00,0.00,232.00,898.00,185.00,8.00,1184.00,4286.00,13.00,6.00,335.00,146.00,269.00,131.00,0.00,2668.00,64.00,542.00,966.00,917.00,1058.00,1007.00,12518.00,608.00,1208.00,3444.00,953.00,8972.00,1655.00,8068.00,2364.00,1.00,6.00,359.00,375.00,3188.00,100.00,468.00,5627.00,601.00,2216.00,147.00,3458.00,2417.00,2966.00,2435.00,623.00,232.00,461.00,5579.00,735.00,2121.00,436.00,196.00,2409.00,42.00,2102.00,458.00,8.00,26514.00,2707.00,4.00,247.00,110.00,35.00,40.00,274.00,2.00,2.00,1046.00,18.00,2.00,45.00,32.00,107.00,8.00,164.00,2.00,6.00,0.00
2002/03,66.00,5.00,141.00,1119.00,7862.00,149.00,19.00,87.00,0.00,431.00,1822.00,776.00,1171.00,23.00,90.00,3.00,429.00,94.00,125.00,4.00,432.00,688.00,31.00,84.00,38.00,119.00,391.00,228.00,108.00,111.00,4.00,2095.00,882.00,2186.00,171.00,162.00,79.00,675.00,464.00,3032.00,249.00,13.00,531.00,507.00,87.00,177.00,5816.00,0.00,774.00,340.00,498.00,64757.00,8076.00,45960.00,385.00,739.00,213.00,51519.00,28017.00,102.00,3596.00,68.00,74603.00,556.00,217.00,23.00,3729.00,8123.00,2094.00,167.00,102.00,386.00,17.00,870.00,329.00,10432.00,108.00,6595.00,3576.00,4189.00,9982.00,4.00,2722.00,1106.00,11.00,390.00,1060.00,277.00,417.00,847.00,528.00,3725.00,735.00,1834.00,1180.00,0.00,901.00,298.00,739.00,7223.00,377.00,9302.00,3.00,2341.00,6.00,1200.00,537.00,1055.00,3287.00,0.00,447.00,9.00,647.00,73.00,305.00,38.00,268.00,13.00,0.00,1672.00,1568.00,2744.00,881.00,3407.00,6238.00,4.00,0.00,0.00,610.00,238.00,3633.00,3709.00,1562.00,11601.00,0.00,2070.00,8326.00,1959.00,46.00,215.00,55.00,2012.00,590.00,714.00,113.00,203.00,141.00,0.00,288.00,983.00,317.00,8.00,910.00,4723.00,6.00,13.00,330.00,172.00,331.00,172.00,0.00,3127.00,54.00,489.00,951.00,971.00,1045.00,985.00,12801.00,480.00,1134.00,3644.00,1051.00,8388.00,1723.00,7771.00,2398.00,0.00,4.00,503.00,418.00,3376.00,97.00,493.00,5333.00,451.00,2258.00,127.00,3521.00,2173.00,2212.00,2364.00,540.00,287.00,441.00,4175.00,642.00,1792.00,375.00,177.00,2155.00,33.00,2034.00,381.00,4.00,26513.00,2777.00,5.00,212.00,80.00,47.00,31.00,198.00,3.00,9.00,1041.00,17.00,1.00,57.00,37.00,125.00,10.00,144.00,9.00,8.00,0.00
2003/04,80.00,2.00,127.00,1060.00,7381.00,275.00,10.00,37.00,0.00,279.00,1471.00,696.00,1216.00,40.00,95.00,9.00,340.00,79.00,105.00,5.00,442.00,488.00,22.00,86.00,39.00,109.00,399.00,209.00,93.00,95.00,2.00,1971.00,859.00,1999.00,168.00,191.00,52.00,636.00,523.00,3288.00,250.00,16.00,411.00,378.00,68.00,169.00,6140.00,1.00,805.00,306.00,413.00,61765.00,7353.00,40835.00,374.00,711.00,174.00,52484.00,26178.00,109.00,3198.00,63.00,79736.00,538.00,179.00,15.00,4384.00,7325.00,1964.00,117.00,98.00,412.00,13.00,691.00,330.00,8880.00,65.00,6483.00,3467.00,3955.00,8937.00,8.00,3165.00,916.00,9.00,412.00,899.00,238.00,422.00,823.00,433.00,3734.00,660.00,1562.00,1052.00,7.00,859.00,271.00,619.00,6818.00,373.00,8745.00,0.00,2126.00,11.00,997.00,488.00,1020.00,3308.00,0.00,424.00,6.00,691.00,50.00,349.00,30.00,266.00,8.00,0.00,1505.00,1471.00,2913.00,880.00,3320.00,5532.00,2.00,0.00,0.00,585.00,209.00,3631.00,3116.00,1561.00,11398.00,50.00,2004.00,8439.00,1851.00,62.00,240.00,60.00,2030.00,569.00,633.00,145.00,191.00,132.00,0.00,232.00,998.00,229.00,5.00,1074.00,4994.00,9.00,6.00,225.00,167.00,299.00,183.00,0.00,3638.00,78.00,501.00,907.00,976.00,1030.00,1089.00,13329.00,473.00,958.00,3644.00,1004.00,7799.00,1612.00,7533.00,2345.00,0.00,1.00,503.00,343.00,3771.00,126.00,532.00,5575.00,444.00,2321.00,120.00,3474.00,1853.00,1846.00,2179.00,445.00,247.00,354.00,3521.00,556.00,1248.00,284.00,148.00,1822.00,39.00,1835.00,341.00,23.00,27017.00,2706.00,3.00,177.00,97.00,53.00,24.00,182.00,0.00,9.00,962.00,11.00,0.00,45.00,32.00,103.00,9.00,111.00,5.00,5.00,0.00
2004/05,82.00,5.00,194.00,1129.00,6728.00,191.00,10.00,55.00,0.00,290.00,1332.00,632.00,1364.00,32.00,75.00,23.00,323.00,104.00,145.00,8.00,431.00,338.00,23.00,96.00,41.00,127.00,375.00,188.00,106.00,66.00,8.00,1699.00,794.00,1695.00,180.00,277.00,40.00,622.00,445.00,3114.00,225.00,11.00,343.00,345.00,58.00,234.00,6335.00,1.00,725.00,308.00,514.00,62523.00,7180.00,42215.00,383.00,769.00,219.00,53358.00,25914.00,155.00,2758.00,70.00,80466.00,477.00,185.00,24.00,4861.00,6296.00,1992.00,158.00,103.00,416.00,18.00,651.00,333.00,7760.00,63.00,6142.00,3531.00,3769.00,8637.00,16.00,3670.00,866.00,11.00,410.00,885.00,252.00,431.00,743.00,359.00,3644.00,675.00,1326.00,902.00,81.00,887.00,283.00,570.00,6555.00,340.00,8640.00,9.00,2035.00,8.00,934.00,434.00,976.00,3261.00,35.00,408.00,9.00,635.00,39.00,381.00,27.00,285.00,9.00,0.00,1474.00,1414.00,2861.00,852.00,3217.00,5073.00,3.00,0.00,391.00,609.00,306.00,3512.00,3106.00,1361.00,12474.00,111.00,1831.00,8236.00,1233.00,61.00,204.00,70.00,1638.00,494.00,494.00,187.00,168.00,190.00,0.00,319.00,868.00,210.00,10.00,1002.00,4368.00,16.00,13.00,203.00,196.00,345.00,175.00,0.00,2930.00,168.00,449.00,895.00,962.00,1037.00,1140.00,13063.00,673.00,1008.00,3363.00,1008.00,7244.00,1559.00,7334.00,2177.00,0.00,3.00,441.00,305.00,3631.00,92.00,526.00,5279.00,377.00,2251.00,142.00,3323.00,1754.00,1720.00,2040.00,354.00,268.00,290.00,3035.00,498.00,1158.00,238.00,143.00,1574.00,39.00,1571.00,268.00,13.00,28140.00,2659.00,3.00,184.00,91.00,32.00,91.00,128.00,8.00,9.00,900.00,6.00,0.00,38.00,35.00,123.00,19.00,146.00,1.00,7.00,1.00
2005/06,78.00,15.00,199.00,1266.00,6559.00,215.00,2.00,50.00,0.00,309.00,1239.00,685.00,1582.00,34.00,73.00,86.00,308.00,160.00,161.00,6.00,415.00,284.00,29.00,98.00,52.00,112.00,347.00,210.00,98.00,89.00,11.00,1709.00,816.00,1704.00,217.00,339.00,40.00,656.00,403.00,3160.00,218.00,5.00,364.00,402.00,63.00,359.00,6192.00,14.00,666.00,297.00,448.00,62582.00,7849.00,38712.00,407.00,927.00,201.00,59022.00,27876.00,175.00,2581.00,77.00,76503.00,626.00,189.00,26.00,6061.00,5759.00,2157.00,185.00,154.00,472.00,12.00,650.00,364.00,7575.00,65.00,5515.00,3758.00,3909.00,8765.00,34.00,4597.00,904.00,6.00,408.00,843.00,337.00,458.00,754.00,369.00,3633.00,639.00,1111.00,927.00,36.00,900.00,321.00,608.00,6640.00,343.00,8829.00,6.00,2088.00,6.00,831.00,438.00,1100.00,3224.00,70.00,382.00,14.00,653.00,51.00,362.00,38.00,359.00,24.00,0.00,1567.00,1297.00,3020.00,845.00,3225.00,4801.00,3.00,0.00,971.00,697.00,219.00,3455.00,3212.00,1276.00,11622.00,75.00,1805.00,8274.00,621.00,44.00,226.00,91.00,1631.00,467.00,497.00,188.00,223.00,119.00,0.00,376.00,875.00,376.00,13.00,1029.00,4166.00,15.00,17.00,147.00,265.00,342.00,140.00,0.00,2924.00,166.00,462.00,896.00,939.00,1006.00,1042.00,13931.00,410.00,1023.00,3032.00,995.00,7009.00,1550.00,6835.00,2173.00,1.00,3.00,349.00,321.00,3519.00,117.00,509.00,4792.00,373.00,2420.00,190.00,3419.00,1733.00,1703.00,1950.00,337.00,309.00,254.00,3448.00,446.00,978.00,246.00,132.00,1509.00,38.00,1502.00,277.00,3.00,28202.00,2806.00,12.00,177.00,87.00,34.00,90.00,156.00,8.00,21.00,929.00,5.00,1.00,34.00,64.00,87.00,12.00,168.00,1.00,9.00,1.00
2006/07,85.00,14.00,184.00,1328.00,6349.00,210.00,6.00,78.00,0.00,321.00,1196.00,743.00,1799.00,47.00,120.00,143.00,271.00,196.00,230.00,9.00,442.00,227.00,39.00,114.00,57.00,136.00,321.00,205.00,80.00,61.00,6.00,1665.00,876.00,1518.00,253.00,423.00,76.00,657.00,372.00,2961.00,181.00,19.00,336.00,455.00,64.00,258.00,5943.00,0.00,681.00,299.00,366.00,67723.00,7722.00,35282.00,388.00,1156.00,266.00,62392.00,29094.00,268.00,2410.00,83.00,83833.00,1212.00,209.00,26.00,7754.00,5401.00,2373.00,164.00,143.00,581.00,24.00,625.00,329.00,7338.00,45.00,5281.00,3730.00,3705.00,8886.00,16.00,6036.00,841.00,3.00,427.00,843.00,286.00,496.00,703.00,413.00,3478.00,629.00,877.00,914.00,0.00,963.00,240.00,566.00,6704.00,353.00,8656.00,8.00,1986.00,3.00,735.00,422.00,1081.00,3342.00,56.00,430.00,6.00,536.00,56.00,345.00,27.00,365.00,21.00,58.00,1587.00,1191.00,2810.00,854.00,3134.00,4751.00,2.00,1074.00,0.00,592.00,199.00,3575.00,2920.00,1241.00,11506.00,0.00,1692.00,8438.00,294.00,49.00,203.00,90.00,1681.00,440.00,476.00,138.00,210.00,99.00,0.00,327.00,961.00,297.00,10.00,1163.00,4110.00,8.00,24.00,190.00,271.00,331.00,139.00,0.00,2912.00,199.00,454.00,939.00,1031.00,1014.00,1097.00,13826.00,409.00,973.00,2813.00,993.00,7126.00,1570.00,6750.00,2211.00,33.00,2.00,343.00,340.00,3701.00,101.00,476.00,4523.00,392.00,2795.00,262.00,3269.00,1726.00,1633.00,1852.00,254.00,361.00,296.00,7886.00,462.00,885.00,248.00,145.00,1664.00,93.00,1202.00,274.00,0.00,28280.00,2797.00,3.00,112.00,21.00,58.00,54.00,231.00,5.00,5.00,870.00,5.00,0.00,22.00,27.00,27.00,6.00,47.00,3.00,5.00,2.00
2007/08,87.00,5.00,163.00,1316.00,5838.00,270.00,8.00,37.00,0.00,224.00,1192.00,769.00,1891.00,47.00,127.00,150.00,282.00,98.00,303.00,4.00,503.00,236.00,42.00,128.00,45.00,130.00,297.00,218.00,78.00,66.00,6.00,1620.00,787.00,1421.00,319.00,514.00,43.00,711.00,330.00,2895.00,167.00,15.00,298.00,435.00,60.00,289.00,6222.00,7.00,658.00,230.00,439.00,81127.00,8286.00,33974.00,421.00,1308.00,65.00,69124.00,29001.00,338.00,2305.00,96.00,94563.00,1456.00,264.00,38.00,8936.00,5345.00,2591.00,364.00,166.00,539.00,34.00,604.00,369.00,7692.00,69.00,5428.00,4170.00,3976.00,9004.00,37.00,8769.00,689.00,9.00,403.00,886.00,318.00,457.00,812.00,409.00,3205.00,602.00,782.00,922.00,0.00,898.00,245.00,672.00,7050.00,378.00,8907.00,15.00,1981.00,2.00,710.00,402.00,1018.00,3535.00,50.00,363.00,13.00,495.00,49.00,311.00,24.00,418.00,28.00,107.00,1680.00,1264.00,2731.00,902.00,2902.00,4906.00,0.00,1193.00,0.00,536.00,210.00,3660.00,3292.00,1296.00,12030.00,0.00,1714.00,8367.00,114.00,93.00,174.00,68.00,1542.00,403.00,421.00,93.00,161.00,82.00,0.00,228.00,1159.00,238.00,6.00,872.00,3871.00,5.00,16.00,233.00,239.00,319.00,126.00,0.00,2640.00,169.00,490.00,927.00,940.00,1019.00,1068.00,14837.00,389.00,1130.00,2535.00,964.00,7578.00,1685.00,6662.00,2152.00,7.00,8.00,300.00,377.00,3672.00,88.00,458.00,4446.00,394.00,3060.00,307.00,3004.00,1799.00,1823.00,1807.00,361.00,249.00,345.00,9873.00,517.00,983.00,233.00,179.00,1766.00,155.00,1132.00,402.00,0.00,29051.00,3088.00,5.00,177.00,58.00,36.00,85.00,140.00,3.00,9.00,1021.00,3.00,0.00,44.00,35.00,72.00,14.00,201.00,5.00,5.00,3.00
2008/09,85.00,13.00,168.00,1583.00,5877.00,366.00,9.00,40.00,0.00,217.00,1217.00,836.00,1826.00,42.00,138.00,208.00,247.00,94.00,262.00,2.00,544.00,298.00,23.00,156.00,61.00,123.00,315.00,221.00,89.00,60.00,8.00,1703.00,743.00,1269.00,328.00,568.00,100.00,806.00,328.00,2988.00,190.00,17.00,261.00,479.00,59.00,249.00,6256.00,12.00,642.00,173.00,381.00,98235.00,8329.00,29264.00,429.00,1522.00,43.00,75065.00,28065.00,407.00,2706.00,109.00,103260.00,1714.00,275.00,36.00,11581.00,5298.00,2976.00,342.00,180.00,688.00,39.00,667.00,353.00,7509.00,80.00,5942.00,4226.00,3989.00,8736.00,31.00,12823.00,757.00,12.00,401.00,909.00,364.00,443.00,858.00,409.00,2889.00,617.00,696.00,925.00,0.00,999.00,270.00,753.00,7421.00,407.00,9679.00,6.00,1896.00,3.00,680.00,382.00,1059.00,3945.00,75.00,320.00,8.00,420.00,87.00,329.00,37.00,485.00,12.00,120.00,1870.00,1349.00,2772.00,974.00,2612.00,4908.00,2.00,1234.00,0.00,543.00,199.00,3849.00,3279.00,1316.00,13263.00,0.00,1716.00,8701.00,58.00,71.00,189.00,124.00,1773.00,452.00,410.00,96.00,164.00,84.00,0.00,285.00,1387.00,298.00,14.00,857.00,3902.00,7.00,13.00,187.00,310.00,331.00,122.00,0.00,2475.00,169.00,468.00,1027.00,1184.00,1094.00,1226.00,14850.00,448.00,1133.00,2380.00,1067.00,8767.00,1953.00,7013.00,2268.00,33.00,4.00,280.00,380.00,3598.00,93.00,447.00,4678.00,431.00,3533.00,359.00,3060.00,2225.00,2031.00,1823.00,271.00,362.00,463.00,12661.00,454.00,1218.00,249.00,172.00,1915.00,667.00,1169.00,306.00,0.00,29697.00,3203.00,1.00,192.00,35.00,30.00,63.00,118.00,6.00,7.00,1074.00,11.00,0.00,33.00,56.00,94.00,6.00,115.00,4.00,5.00,0.00
2009/10,113.00,3.00,164.00,1553.00,5384.00,451.00,5.00,36.00,0.00,213.00,1098.00,852.00,1881.00,32.00,96.00,229.00,249.00,78.00,306.00,1.00,615.00,212.00,50.00,140.00,48.00,142.00,274.00,210.00,88.00,76.00,2.00,1656.00,641.00,1159.00,342.00,680.00,42.00,867.00,299.00,2951.00,180.00,15.00,231.00,500.00,52.00,228.00,6568.00,2.00,624.00,173.00,310.00,127628.00,8034.00,24842.00,468.00,1258.00,57.00,72153.00,26685.00,426.00,2619.00,126.00,104897.00,1936.00,274.00,39.00,11233.00,5222.00,2957.00,288.00,195.00,513.00,43.00,695.00,347.00,6943.00,64.00,6190.00,3815.00,4051.00,8531.00,26.00,13112.00,790.00,11.00,374.00,994.00,409.00,408.00,845.00,404.00,2495.00,623.00,586.00,828.00,0.00,989.00,220.00,663.00,7716.00,448.00,9548.00,18.00,1837.00,1.00,664.00,407.00,1212.00,4072.00,88.00,286.00,8.00,361.00,56.00,278.00,32.00,441.00,23.00,94.00,1830.00,1467.00,2264.00,1015.00,2204.00,4827.00,2.00,1175.00,0.00,466.00,192.00,3971.00,3116.00,1284.00,12397.00,0.00,1727.00,8861.00,57.00,65.00,213.00,72.00,1828.00,360.00,429.00,122.00,158.00,88.00,0.00,301.00,1400.00,231.00,14.00,1012.00,3530.00,8.00,15.00,244.00,244.00,529.00,124.00,0.00,2402.00,146.00,415.00,1089.00,1208.00,992.00,1337.00,13450.00,383.00,1082.00,2165.00,1039.00,8786.00,2055.00,6920.00,2232.00,1.00,2.00,296.00,340.00,3279.00,101.00,390.00,4958.00,415.00,4731.00,423.00,2778.00,1995.00,2442.00,1608.00,286.00,304.00,663.00,15810.00,424.00,1653.00,265.00,178.00,2271.00,1064.00,1120.00,308.00,0.00,28145.00,3296.00,9.00,157.00,28.00,31.00,51.00,115.00,2.00,12.00,1103.00,36.00,5.00,32.00,52.00,43.00,8.00,102.00,2.00,5.00,2.00
2010/11,123.00,11.00,120.00,1392.00,4666.00,457.00,6.00,26.00,0.00,236.00,1006.00,820.00,1659.00,29.00,99.00,240.00,252.00,119.00,431.00,2.00,699.00,229.00,23.00,146.00,51.00,146.00,269.00,247.00,76.00,73.00,7.00,1669.00,560.00,1135.00,289.00,626.00,55.00,904.00,385.00,2900.00,139.00,12.00,172.00,481.00,60.00,247.00,7148.00,4.00,600.00,183.00,241.00,157558.00,8136.00,21290.00,497.00,1259.00,16.00,73351.00,24818.00,429.00,2873.00,115.00,103895.00,1890.00,279.00,34.00,10301.00,5045.00,2965.00,249.00,210.00,560.00,66.00,796.00,340.00,6942.00,49.00,6735.00,3604.00,4316.00,8236.00,48.00,14888.00,697.00,14.00,350.00,1019.00,440.00,347.00,904.00,356.00,1957.00,583.00,470.00,765.00,0.00,1149.00,228.00,639.00,8098.00,460.00,9458.00,2.00,1874.00,4.00,670.00,369.00,1167.00,4308.00,121.00,324.00,5.00,338.00,59.00,257.00,19.00,411.00,22.00,85.00,1833.00,1822.00,1852.00,981.00,1883.00,4692.00,2.00,1067.00,0.00,419.00,178.00,4330.00,3236.00,1287.00,12184.00,0.00,1583.00,8947.00,0.00,43.00,193.00,94.00,1720.00,332.00,395.00,94.00,165.00,62.00,0.00,256.00,1393.00,189.00,14.00,888.00,3172.00,8.00,8.00,201.00,217.00,526.00,105.00,0.00,1882.00,82.00,388.00,1105.00,1157.00,1042.00,1349.00,13713.00,434.00,1173.00,2105.00,977.00,8777.00,2164.00,6456.00,2150.00,0.00,28.00,272.00,322.00,2939.00,94.00,389.00,5491.00,409.00,5626.00,616.00,2701.00,2002.00,2998.00,1462.00,313.00,331.00,716.00,22704.00,526.00,1871.00,268.00,158.00,2181.00,1494.00,1201.00,386.00,0.00,27546.00,3777.00,4.00,138.00,30.00,31.00,52.00,131.00,11.00,13.00,1164.00,8.00,0.00,31.00,50.00,49.00,7.00,103.00,2.00,8.00,1.00
2011/12,103.00,8.00,110.00,1334.00,3898.00,465.00,10.00,34.00,0.00,180.00,906.00,779.00,1530.00,28.00,84.00,249.00,320.00,164.00,402.00,1.00,779.00,175.00,9.00,154.00,46.00,133.00,258.00,205.00,67.00,63.00,1.00,1610.00,535.00,1161.00,313.00,631.00,87.00,955.00,383.00,2769.00,104.00,12.00,159.00,402.00,61.00,279.00,7028.00,1.00,681.00,130.00,250.00,194029.00,8032.00,19966.00,505.00,1423.00,15.00,72295.00,23250.00,371.00,3314.00,100.00,100270.00,1938.00,254.00,29.00,9621.00,4600.00,2902.00,298.00,209.00,486.00,69.00,807.00,333.00,7131.00,43.00,6743.00,3194.00,4505.00,7626.00,40.00,15572.00,659.00,24.00,363.00,989.00,460.00,358.00,880.00,341.00,1694.00,552.00,438.00,701.00,0.00,1233.00,241.00,640.00,8232.00,481.00,9347.00,4.00,1922.00,1.00,655.00,391.00,1106.00,4284.00,114.00,308.00,14.00,288.00,68.00,222.00,41.00,416.00,43.00,112.00,1975.00,2016.00,1838.00,970.00,1607.00,4805.00,3.00,1068.00,0.00,424.00,171.00,4924.00,3926.00,1362.00,11973.00,0.00,1535.00,9186.00,0.00,29.00,183.00,67.00,1737.00,267.00,389.00,116.00,181.00,57.00,0.00,261.00,1610.00,261.00,15.00,889.00,2694.00,3.00,2.00,155.00,269.00,352.00,95.00,0.00,1689.00,55.00,370.00,1078.00,1151.00,1048.00,1407.00,13893.00,363.00,1122.00,1888.00,1025.00,9029.00,2203.00,6295.00,2160.00,0.00,1.00,224.00,342.00,2702.00,92.00,360.00,6281.00,438.00,6982.00,809.00,2490.00,2062.00,3722.00,1350.00,538.00,331.00,979.00,34139.00,458.00,2097.00,269.00,177.00,2201.00,1328.00,1305.00,445.00,0.00,26821.00,3848.00,6.00,122.00,42.00,48.00,39.00,98.00,7.00,8.00,1204.00,8.00,0.00,21.00,60.00,51.00,13.00,104.00,3.00,8.00,7.00
2012/13,124.00,13.00,106.00,1463.00,3516.00,565.00,16.00,30.00,8.00,187.00,950.00,783.00,1472.00,28.00,89.00,309.00,386.00,196.00,378.00,3.00,812.00,216.00,19.00,182.00,41.00,124.00,252.00,228.00,88.00,65.00,2.00,1816.00,496.00,1170.00,318.00,627.00,81.00,980.00,328.00,2863.00,79.00,10.00,172.00,383.00,71.00,194.00,7316.00,1.00,688.00,123.00,218.00,235597.00,8026.00,19568.00,533.00,1361.00,17.00,70627.00,21867.00,449.00,3828.00,133.00,96754.00,1969.00,261.00,33.00,8920.00,4772.00,3046.00,312.00,178.00,445.00,61.00,955.00,393.00,7670.00,50.00,6791.00,3215.00,4558.00,7314.00,47.00,16098.00,649.00,13.00,345.00,1036.00,388.00,355.00,894.00,364.00,1473.00,581.00,425.00,776.00,0.00,1359.00,218.00,691.00,8297.00,456.00,9819.00,4.00,2046.00,1.00,690.00,384.00,1158.00,4276.00,106.00,295.00,7.00,284.00,87.00,237.00,51.00,379.00,21.00,109.00,1948.00,2097.00,1581.00,949.00,1460.00,4898.00,3.00,1041.00,0.00,362.00,227.00,5033.00,4283.00,1420.00,11278.00,0.00,1490.00,9467.00,0.00,15.00,188.00,69.00,1629.00,293.00,406.00,112.00,175.00,76.00,4.00,237.00,1803.00,225.00,11.00,934.00,2499.00,4.00,3.00,194.00,234.00,330.00,98.00,0.00,1532.00,29.00,333.00,1074.00,1172.00,1113.00,1513.00,14199.00,434.00,1234.00,1847.00,1024.00,10868.00,2349.00,6543.00,2299.00,7.00,4.00,206.00,395.00,2539.00,88.00,365.00,6158.00,459.00,8744.00,1074.00,2430.00,2109.00,5115.00,1266.00,980.00,319.00,994.00,44566.00,505.00,2256.00,353.00,176.00,2608.00,1343.00,1293.00,459.00,0.00,27357.00,4121.00,7.00,136.00,37.00,70.00,42.00,88.00,1.00,7.00,1311.00,7.00,0.00,20.00,78.00,53.00,10.00,105.00,2.00,7.00,2.00
2013/14,122.00,7.00,97.00,1516.00,3201.00,720.00,16.00,15.00,18.00,186.00,889.00,762.00,1285.00,11.00,81.00,282.00,571.00,253.00,397.00,3.00,985.00,228.00,27.00,177.00,41.00,151.00,275.00,221.00,91.00,61.00,2.00,1716.00,502.00,1206.00,291.00,526.00,69.00,1116.00,300.00,2914.00,80.00,15.00,161.00,315.00,63.00,217.00,7921.00,0.00,633.00,146.00,231.00,274439.00,8104.00,19334.00,552.00,1444.00,19.00,68047.00,21266.00,450.00,4802.00,127.00,102673.00,2012.00,244.00,39.00,8155.00,4935.00,2917.00,270.00,214.00,463.00,60.00,1042.00,432.00,7920.00,57.00,6822.00,3112.00,4592.00,7341.00,47.00,16579.00,636.00,9.00,272.00,1062.00,383.00,306.00,948.00,319.00,1252.00,529.00,419.00,736.00,0.00,1470.00,212.00,656.00,8302.00,496.00,10160.00,2.00,2170.00,1.00,667.00,390.00,1156.00,4443.00,112.00,266.00,8.00,287.00,95.00,237.00,52.00,328.00,28.00,95.00,2074.00,2304.00,1520.00,877.00,1317.00,5138.00,1.00,966.00,0.00,356.00,188.00,5350.00,4369.00,1441.00,10821.00,0.00,1464.00,10191.00,0.00,21.00,215.00,74.00,1744.00,285.00,388.00,80.00,187.00,69.00,76.00,191.00,1746.00,189.00,18.00,942.00,2502.00,7.00,1.00,0.00,190.00,322.00,105.00,46.00,1440.00,29.00,324.00,1067.00,1233.00,1252.00,1756.00,14779.00,437.00,1428.00,1902.00,1068.00,13286.00,2432.00,7083.00,2578.00,1.00,2.00,246.00,492.00,2607.00,91.00,353.00,7022.00,467.00,10194.00,1491.00,2457.00,2148.00,7288.00,1367.00,1504.00,429.00,1191.00,53919.00,693.00,2784.00,440.00,173.00,2832.00,1379.00,1324.00,538.00,0.00,28304.00,4377.00,5.00,124.00,28.00,84.00,13.00,35.00,6.00,9.00,1337.00,2.00,0.00,6.00,79.00,51.00,11.00,116.00,1.00,7.00,1.00
2014/15,165.00,7.00,108.00,1472.00,3072.00,800.00,14.00,32.00,28.00,233.00,867.00,762.00,1212.00,13.00,61.00,288.00,755.00,314.00,388.00,1.00,1184.00,257.00,32.00,165.00,56.00,122.00,272.00,231.00,108.00,67.00,1.00,1838.00,465.00,1245.00,287.00,567.00,64.00,1227.00,275.00,3099.00,109.00,9.00,168.00,356.00,81.00,199.00,9494.00,0.00,633.00,152.00,238.00,304040.00,8012.00,19064.00,573.00,1481.00,8.00,63710.00,20993.00,471.00,5455.00,128.00,132888.00,2017.00,227.00,34.00,8158.00,5354.00,2882.00,254.00,201.00,491.00,73.00,1067.00,492.00,8188.00,63.00,7231.00,3026.00,4727.00,7217.00,59.00,18722.00,670.00,9.00,304.00,1114.00,408.00,330.00,1001.00,296.00,1171.00,523.00,417.00,796.00,0.00,1602.00,288.00,669.00,8743.00,541.00,10193.00,6.00,2147.00,2.00,720.00,396.00,1192.00,4863.00,170.00,276.00,8.00,293.00,97.00,237.00,29.00,322.00,18.00,121.00,2257.00,2498.00,1493.00,915.00,1220.00,5562.00,1.00,970.00,0.00,359.00,245.00,6143.00,4507.00,1461.00,10724.00,0.00,1551.00,10743.00,0.00,15.00,120.00,68.00,1835.00,278.00,387.00,99.00,174.00,94.00,75.00,166.00,1535.00,145.00,11.00,934.00,2440.00,3.00,1.00,0.00,182.00,275.00,75.00,52.00,1464.00,36.00,312.00,1118.00,1460.00,1205.00,1760.00,17052.00,418.00,1384.00,2053.00,1116.00,23675.00,2513.00,7169.00,2797.00,3.00,11.00,230.00,505.00,2763.00,82.00,384.00,7890.00,474.00,11338.00,1727.00,2370.00,2215.00,9034.00,1416.00,2200.00,458.00,1252.00,59945.00,792.00,2878.00,516.00,175.00,2974.00,1578.00,1373.00,592.00,0.00,27240.00,4511.00,2.00,89.00,23.00,41.00,17.00,39.00,9.00,7.00,1472.00,8.00,0.00,10.00,87.00,21.00,7.00,95.00,7.00,8.00,18.00
2015/16,148.00,9.00,109.00,1517.00,3019.00,928.00,20.00,35.00,36.00,253.00,840.00,776.00,1210.00,13.00,52.00,337.00,949.00,339.00,410.00,1.00,1296.00,246.00,32.00,192.00,61.00,126.00,289.00,250.00,109.00,76.00,5.00,1813.00,473.00,1295.00,259.00,540.00,102.00,1229.00,274.00,3049.00,94.00,18.00,205.00,331.00,97.00,246.00,10674.00,3.00,603.00,167.00,209.00,328547.00,7923.00,19060.00,586.00,1434.00,18.00,61007.00,21127.00,498.00,6513.00,143.00,165918.00,1935.00,227.00,37.00,9662.00,6141.00,3080.00,235.00,216.00,530.00,59.00,1194.00,499.00,8727.00,63.00,7834.00,2886.00,4865.00,7113.00,45.00,21403.00,705.00,11.00,270.00,1141.00,391.00,323.00,1094.00,309.00,1016.00,527.00,401.00,749.00,0.00,1486.00,191.00,714.00,8764.00,543.00,10145.00,4.00,2199.00,6.00,773.00,382.00,1183.00,5155.00,268.00,281.00,8.00,315.00,86.00,236.00,23.00,281.00,23.00,126.00,2445.00,2391.00,1460.00,919.00,1105.00,5444.00,3.00,1023.00,0.00,343.00,256.00,6640.00,4297.00,1480.00,10691.00,0.00,1680.00,11599.00,0.00,18.00,228.00,89.00,2027.00,319.00,319.00,95.00,165.00,153.00,117.00,238.00,1513.00,186.00,11.00,946.00,2510.00,9.00,4.00,0.00,222.00,265.00,89.00,92.00,1381.00,44.00,308.00,1148.00,1632.00,1245.00,1985.00,16733.00,395.00,1537.00,2201.00,1142.00,19370.00,2630.00,7815.00,2889.00,2.00,7.00,246.00,564.00,3256.00,84.00,410.00,8267.00,469.00,12269.00,1901.00,2343.00,2330.00,9772.00,1486.00,2856.00,468.00,1443.00,61287.00,783.00,2920.00,599.00,158.00,3442.00,1514.00,1495.00,692.00,0.00,26973.00,4752.00,5.00,111.00,31.00,53.00,18.00,22.00,0.00,2.00,1608.00,2.00,2.00,12.00,87.00,60.00,5.00,130.00,4.00,9.00,4.00
2016/17,180.00,10.00,138.00,1847.00,3189.00,1088.00,16.00,50.00,48.00,324.00,811.00,779.00,1334.00,15.00,66.00,268.00,1137.00,360.00,363.00,2.00,1257.00,296.00,10.00,183.00,59.00,143.00,317.00,283.00,120.00,93.00,2.00,1911.00,469.00,1330.00,248.00,533.00,80.00,1353.00,299.00,3111.00,94.00,9.00,221.00,310.00,103.00,177.00,11710.00,1.00,569.00,209.00,210.00,350755.00,7547.00,18780.00,605.00,1410.00,8.00,58663.00,21516.00,506.00,7143.00,148.00,186267.00,1792.00,216.00,40.00,11607.00,7015.00,3263.00,204.00,231.00,505.00,53.00,1351.00,512.00,8776.00,91.00,8247.00,3006.00,4677.00,6893.00,44.00,22438.00,781.00,16.00,280.00,1111.00,386.00,319.00,1087.00,303.00,929.00,537.00,388.00,772.00,0.00,1490.00,179.00,737.00,8814.00,558.00,10169.00,15.00,2318.00,0.00,730.00,402.00,1217.00,5593.00,244.00,244.00,8.00,333.00,118.00,245.00,25.00,252.00,22.00,101.00,2551.00,2293.00,1489.00,929.00,1173.00,5412.00,2.00,1055.00,0.00,348.00,245.00,7164.00,4053.00,1487.00,10586.00,0.00,1817.00,11489.00,0.00,14.00,225.00,73.00,2252.00,319.00,315.00,76.00,165.00,119.00,118.00,271.00,1428.00,194.00,9.00,958.00,2797.00,9.00,3.00,0.00,218.00,268.00,83.00,78.00,1304.00,50.00,356.00,1148.00,1570.00,1217.00,2046.00,16835.00,398.00,1588.00,2219.00,1207.00,13089.00,2523.00,7982.00,3032.00,0.00,1.00,250.00,587.00,3200.00,83.00,433.00,8540.00,475.00,12643.00,1698.00,2393.00,2312.00,9825.00,1556.00,2876.00,423.00,1420.00,52611.00,827.00,2753.00,658.00,192.00,3715.00,1311.00,1634.00,692.00,0.00,27065.00,4933.00,0.00,100.00,30.00,64.00,10.00,28.00,1.00,5.00,1741.00,4.00,1.00,15.00,77.00,56.00,8.00,133.00,3.00,11.00,2.00
2017/18,134.00,9.00,151.00,2118.00,3322.00,1232.00,11.00,67.00,76.00,331.00,824.00,818.00,1382.00,14.00,75.00,298.00,1123.00,335.00,332.00,3.00,1183.00,233.00,12.00,188.00,55.00,132.00,306.00,288.00,111.00,101.00,6.00,2040.00,450.00,1324.00,234.00,567.00,67.00,1349.00,261.00,3213.00,98.00,10.00,262.00,302.00,106.00,288.00,12693.00,1.00,544.00,200.00,199.00,363341.00,7162.00,18753.00,555.00,1481.00,3.00,54555.00,22454.00,476.00,7496.00,152.00,196271.00,1865.00,227.00,32.00,13270.00,7537.00,3309.00,222.00,234.00,570.00,53.00,1569.00,659.00,8650.00,104.00,8271.00,3225.00,4575.00,6636.00,44.00,24325.00,884.00,14.00,313.00,1148.00,426.00,351.00,1080.00,290.00,826.00,528.00,410.00,763.00,0.00,1423.00,186.00,768.00,8802.00,597.00,10042.00,6.00,2395.00,3.00,716.00,412.00,1141.00,5789.00,229.00,236.00,9.00,327.00,102.00,224.00,34.00,237.00,17.00,115.00,2701.00,2105.00,1477.00,937.00,1071.00,5518.00,4.00,1079.00,0.00,347.00,250.00,7489.00,3543.00,1382.00,10520.00,0.00,1928.00,11460.00,0.00,15.00,200.00,90.00,2176.00,322.00,296.00,70.00,169.00,152.00,128.00,371.00,1467.00,170.00,10.00,948.00,2785.00,12.00,3.00,0.00,200.00,229.00,83.00,82.00,1257.00,42.00,366.00,1146.00,1554.00,1206.00,2104.00,15468.00,409.00,1749.00,2283.00,1153.00,14620.00,2528.00,7976.00,3050.00,0.00,3.00,296.00,590.00,3235.00,80.00,444.00,8371.00,451.00,12783.00,1438.00,2327.00,2420.00,10190.00,1633.00,3097.00,480.00,1127.00,44432.00,726.00,2486.00,517.00,212.00,3701.00,1064.00,1563.00,728.00,0.00,25909.00,4908.00,5.00,109.00,30.00,58.00,22.00,38.00,1.00,6.00,1785.00,4.00,3.00,31.00,83.00,93.00,9.00,169.00,4.00,14.00,0.00
2018/19,141.00,9.00,117.00,2061.00,3451.00,1292.00,16.00,76.00,63.00,319.00,834.00,848.00,1188.00,17.00,65.00,284.00,1164.00,280.00,327.00,0.00,1014.00,214.00,18.00,181.00,58.00,159.00,311.00,311.00,113.00,105.00,1.00,2042.00,445.00,1343.00,246.00,514.00,52.00,1392.00,243.00,3661.00,107.00,16.00,255.00,291.00,84.00,257.00,13423.00,8.00,504.00,181.00,189.00,369548.00,6917.00,18105.00,558.00,1336.00,2.00,52250.00,23369.00,418.00,8249.00,146.00,202014.00,1879.00,290.00,25.00,13229.00,7957.00,3334.00,229.00,280.00,571.00,50.00,1773.00,685.00,8356.00,96.00,7709.00,3320.00,4632.00,6503.00,38.00,24392.00,993.00,17.00,328.00,1098.00,489.00,378.00,1073.00,300.00,757.00,516.00,431.00,820.00,0.00,1423.00,184.00,716.00,8716.00,574.00,9191.00,16.00,2523.00,0.00,793.00,407.00,1180.00,6114.00,159.00,244.00,8.00,318.00,101.00,227.00,38.00,205.00,17.00,112.00,2681.00,1988.00,1526.00,973.00,1016.00,5292.00,3.00,1098.00,0.00,349.00,256.00,7262.00,3460.00,1367.00,10159.00,0.00,1953.00,11146.00,0.00,19.00,164.00,71.00,2148.00,333.00,280.00,81.00,159.00,163.00,122.00,227.00,1559.00,133.00,8.00,967.00,2820.00,11.00,7.00,0.00,147.00,206.00,92.00,109.00,1202.00,37.00,375.00,1157.00,1566.00,1192.00,2191.00,15229.00,443.00,1845.00,2407.00,1195.00,16059.00,2699.00,8060.00,2892.00,0.00,7.00,311.00,619.00,3409.00,74.00,407.00,7760.00,422.00,12142.00,1237.00,2392.00,2435.00,9195.00,1672.00,2963.00,468.00,834.00,37080.00,566.00,2361.00,398.00,238.00,3675.00,884.00,1461.00,703.00,0.00,26122.00,4930.00,17.00,98.00,60.00,91.00,16.00,44.00,1.00,4.00,1841.00,2.00,1.00,26.00,86.00,103.00,15.00,186.00,4.00,15.00,2.00
2019/20,164.00,6.00,81.00,2356.00,3710.00,1444.00,11.00,68.00,102.00,318.00,859.00,870.00,1027.00,12.00,51.00,255.00,1198.00,247.00,280.00,1.00,814.00,246.00,40.00,174.00,69.00,181.00,315.00,332.00,127.00,121.00,2.00,2224.00,464.00,1377.00,234.00,483.00,61.00,1257.00,239.00,4221.00,92.00,13.00,260.00,285.00,67.00,277.00,13762.00,2.00,485.00,199.00,214.00,372532.00,6778.00,17554.00,503.00,1438.00,1.00,49809.00,23724.00,422.00,8838.00,154.00,193124.00,2091.00,357.00,29.00,12730.00,7939.00,3206.00,242.00,272.00,546.00,54.00,1828.00,742.00,8300.00,131.00,6910.00,3295.00,4504.00,6154.00,30.00,23777.00,1095.00,11.00,339.00,1105.00,571.00,388.00,1055.00,287.00,690.00,472.00,432.00,763.00,0.00,1264.00,177.00,690.00,8471.00,640.00,9242.00,2.00,2489.00,1.00,724.00,411.00,1228.00,6063.00,173.00,274.00,9.00,320.00,88.00,265.00,52.00,214.00,20.00,122.00,2727.00,1886.00,1513.00,934.00,1000.00,5293.00,4.00,1044.00,0.00,331.00,260.00,7954.00,3213.00,1340.00,9481.00,0.00,1899.00,10756.00,0.00,19.00,193.00,73.00,2500.00,298.00,251.00,81.00,136.00,130.00,136.00,576.00,1379.00,161.00,14.00,1016.00,2884.00,8.00,4.00,0.00,216.00,215.00,91.00,134.00,1272.00,37.00,388.00,1240.00,1581.00,1195.00,2161.00,14348.00,489.00,1708.00,2428.00,1199.00,16671.00,2483.00,7787.00,2852.00,0.00,7.00,301.00,609.00,3547.00,57.00,453.00,6855.00,406.00,11451.00,965.00,2226.00,2441.00,8375.00,1709.00,2808.00,478.00,670.00,30957.00,463.00,2074.00,320.00,239.00,3859.00,720.00,1499.00,665.00,0.00,25992.00,4982.00,0.00,90.00,49.00,67.00,8.00,17.00,2.00,6.00,1856.00,1.00,2.00,34.00,88.00,76.00,17.00,161.00,4.00,13.00,0.00
2020/21,149.00,6.00,53.00,2166.00,3502.00,1333.00,9.00,97.00,95.00,324.00,699.00,886.00,930.00,13.00,52.00,280.00,1125.00,226.00,272.00,1.00,673.00,218.00,23.00,181.00,69.00,181.00,287.00,323.00,131.00,122.00,4.00,2079.00,440.00,1304.00,210.00,420.00,63.00,1115.00,219.00,4229.00,104.00,9.00,232.00,270.00,53.00,197.00,12860.00,0.00,430.00,201.00,196.00,317299.00,5878.00,11785.00,422.00,1258.00,2.00,39491.00,19673.00,354.00,8598.00,116.00,167582.00,1830.00,328.00,23.00,11172.00,7475.00,2770.00,205.00,269.00,538.00,37.00,1698.00,848.00,7489.00,113.00,5280.00,2907.00,3558.00,4960.00,33.00,21631.00,1053.00,16.00,318.00,655.00,556.00,356.00,756.00,261.00,585.00,393.00,374.00,609.00,0.00,608.00,156.00,485.00,5643.00,583.00,5364.00,4.00,2256.00,1.00,653.00,359.00,870.00,4894.00,154.00,232.00,2.00,273.00,62.00,208.00,46.00,157.00,26.00,121.00,1767.00,1265.00,1328.00,791.00,852.00,4805.00,2.00,927.00,0.00,267.00,193.00,5781.00,2045.00,988.00,8109.00,0.00,1739.00,8028.00,0.00,19.00,186.00,74.00,2342.00,339.00,234.00,45.00,120.00,115.00,74.00,583.00,1244.00,141.00,3.00,1067.00,2714.00,3.00,6.00,0.00,235.00,216.00,86.00,99.00,1180.00,46.00,352.00,1134.00,1492.00,1102.00,2021.00,12986.00,478.00,1659.00,2184.00,1124.00,14000.00,2227.00,7107.00,2515.00,0.00,4.00,358.00,804.00,3556.00,55.00,395.00,6122.00,362.00,9614.00,771.00,1844.00,2338.00,6846.00,1700.00,2433.00,424.00,562.00,21933.00,425.00,1737.00,293.00,219.00,3672.00,563.00,1294.00,534.00,0.00,25143.00,3623.00,8.00,89.00,65.00,53.00,7.00,23.00,1.00,7.00,1520.00,10.00,2.00,25.00,100.00,106.00,16.00,189.00,6.00,11.00,3.00
2021/22,157.00,6.00,77.00,2680.00,3799.00,1226.00,6.00,92.00,100.00,360.00,749.00,905.00,927.00,11.00,61.00,190.00,1266.00,186.00,229.00,1.00,541.00,231.00,21.00,169.00,70.00,209.00,342.00,281.00,145.00,107.00,6.00,2375.00,512.00,1507.00,201.00,367.00,44.00,1034.00,231.00,4916.00,76.00,8.00,269.00,254.00,53.00,246.00,14438.00,2.00,445.00,197.00,193.00,290086.00,5848.00,13449.00,394.00,1355.00,4.00,40755.00,20487.00,420.00,10597.00,143.00,199182.00,2121.00,478.00,23.00,11799.00,8772.00,2928.00,183.00,223.00,631.00,42.00,1909.00,875.00,8003.00,101.00,4933.00,3278.00,3901.00,5007.00,29.00,20713.00,1026.00,18.00,366.00,977.00,728.00,357.00,988.00,257.00,532.00,392.00,413.00,732.00,0.00,1091.00,178.00,480.00,7751.00,662.00,8550.00,12.00,2407.00,2.00,705.00,411.00,1295.00,5695.00,157.00,291.00,7.00,314.00,89.00,218.00,62.00,147.00,19.00,121.00,2172.00,1633.00,1458.00,1030.00,872.00,4802.00,3.00,898.00,0.00,305.00,201.00,8165.00,2352.00,1301.00,8467.00,0.00,1835.00,10292.00,0.00,18.00,159.00,65.00,2387.00,269.00,235.00,35.00,111.00,114.00,76.00,514.00,1300.00,118.00,2.00,1015.00,2651.00,4.00,3.00,0.00,184.00,164.00,74.00,88.00,1160.00,40.00,388.00,1315.00,1445.00,1228.00,2186.00,14500.00,553.00,1910.00,2718.00,1285.00,14897.00,2750.00,8077.00,2781.00,1.00,3.00,326.00,714.00,4335.00,37.00,414.00,5317.00,387.00,9295.00,597.00,2027.00,2426.00,5923.00,1958.00,2202.00,485.00,500.00,18206.00,385.00,1618.00,305.00,268.00,3967.00,472.00,1466.00,617.00,0.00,27013.00,3892.00,4.00,85.00,39.00,28.00,14.00,51.00,3.00,2.00,1539.00,0.00,0.00,19.00,92.00,72.00,14.00,119.00,1.00,11.00,9.00
